api_id,domain,feature_ref,api_name,description,http_method,endpoint_path,framework,consumer_type,is_crud,is_integration_api,auth_required,primary_entity,request_summary,response_summary,priority,status,notes
API-001,인증,#2,Google OAuth 로그인 시작,사용자를 Google OAuth 인증 플로우로 진입시킨다. 로그인 화면의 Google 버튼과 직접 연결된다.,,,springboot,frontend,N,N,N,User,로그인 시작 요청,OAuth redirect 정보 또는 시작 응답,Must,draft,OAuth only
API-002,인증,#2 #29,Google OAuth 콜백 처리,Google 인증 결과를 받아 세션을 발급하고 현재 account stage 기준 진입 라우팅 정보를 반환한다.,,,springboot,external_callback,N,Y,N,User,"authorization code, state","세션 발급 결과, account stage, next route",Must,draft,Google -> Spring Boot 콜백. 신규 사용자는 signup/setup 단계로 라우팅 가능
API-003,인증/사용자,#2 #29 #30,세션 부트스트랩 조회,"현재 로그인 사용자의 account stage, Google 계정 요약, 외부 연동 상태, 기능 제한 표시용 초기 진입 정보를 조회한다.",,,springboot,frontend,Y,N,Y,User,없음,"account stage, auth profile, 진입 target, 외부 연동 상태 요약, 기능 제한 플래그",Must,draft,OAuth only 세션 복구용
API-004,외부 계정 연동,#3 #24 #25,외부 계정 연동 시작,GitHub 또는 Velog 필수 연동을 시작한다. 향후 추가 공급자는 같은 구조를 재사용한다.,,,springboot,frontend,N,N,Y,ExternalAccountConnection,"provider, redirect context",연동 시작 URL 또는 상태,Must,draft,"회원가입 필수 연동 대상: GitHub, Velog"
API-005,외부 계정 연동,#3 #24 #25,외부 계정 연동 콜백 처리,회원가입 단계의 필수 외부 연동 결과를 받아 연결 상태를 저장한다.,,,springboot,external_callback,N,Y,N,ExternalAccountConnection,provider callback payload,연동 성공/실패 및 연결 상태,Must,draft,회원가입 필수 연동 콜백. 추가 공급자는 확장
API-006,외부 계정 연동,#3 #24 #30,외부 계정 연동 상태 조회,회원가입/온보딩/세션 복구 시점에 GitHub와 Velog 필수 연동 완료 여부를 조회한다.,,,springboot,frontend,Y,N,Y,ExternalAccountConnection,없음,"provider별 연결 여부, 표시용 계정 요약, 회원가입 진행 가능 여부",Must,draft,회원가입 단계 게이팅용 필수 연동 상태 조회
API-007,온보딩,#4 #29,온보딩 설문 제출,온보딩 설문 입력값을 저장하고 다음 단계 진행 가능 여부를 반환한다.,,,springboot,frontend,Y,N,Y,OnboardingSurvey,"정보 범위, 직업, 기술 스택, 희망 포지션, 페르소나",저장 결과 및 다음 단계 정보,Must,draft,validation 포함
API-008,온보딩,#29,온보딩 재진입 상태 조회,guest/surveyed/user 상태에 따라 재진입 위치를 결정하기 위한 정보를 조회한다.,,,springboot,frontend,Y,N,Y,User,없음,현재 role 및 resume target,Must,draft,세션 종료 후 재접속 복구
API-009,분석,#5 #6,분석 요청 생성,최초 분석 또는 재분석 작업을 생성한다.,,,springboot,frontend,N,N,Y,AnalysisJob,"분석 유형, 입력 스냅샷",analysis job id 및 초기 상태,Must,draft,실제 AI 실행은 내부 연동 API로 위임 가능
API-010,분석,#5,분석 진행 상태 조회,분석 작업의 진행 상태와 퍼센트를 폴링 방식으로 조회한다.,,,springboot,frontend,Y,N,Y,AnalysisJob,job id,"progress, status, ETA 후보 정보",Must,draft,폴링 전용 상태 조회. 실시간 스트림은 API-038로 분리
API-011,분석,#6,분석 결과 조회,분석 결과 화면에 필요한 요약 데이터를 조회한다.,,,springboot,frontend,Y,N,Y,AnalysisResult,analysis job id 또는 result id,"기술 스택, 스킬 레벨, 추천 포지션 등 결과 요약",Must,draft,결과 화면 렌더링용
API-012,분석,#7,분석 피드백 제출,분석 결과에 대한 교정 입력을 저장하고 필요 시 재분석을 트리거한다.,,,springboot,frontend,N,N,Y,AnalysisFeedback,"correction note, override input",feedback 저장 결과 및 재분석 job 정보,Must,draft,수동 보정값 반영
API-013,추천,#8,최초 추천 세션 생성,분석 결과를 기반으로 최초 추천 세션 생성을 요청한다.,,,springboot,frontend,N,N,Y,Recommendation,analysis_result_id,recommendation session metadata,Must,draft,실제 생성은 FastAPI 파이프라인이 수행 가능
API-014,추천,#8 #16 #19,추천 세션 조회,추천 세션 메타데이터와 추천 항목 목록을 조회한다.,,,springboot,frontend,Y,N,Y,Recommendation,"session id, filter","추천 세션 상세, 추천 항목 목록, 상태 메타데이터",Must,draft,최초 추천/기존 학습/신규 학습 공통 조회. 진행 스트림은 API-039로 분리
API-015,추천,#8 #16,추천 항목 액션 처리,"추천 항목 수락, 거절, 보류, 시작 액션을 처리한다.",,,springboot,frontend,Y,N,Y,RecommendationItem,"item id, action",상태 변경 결과 및 다음 단계 정보,Must,draft,상태 전이 검증 필요
API-016,사고 과정,#14,추천 근거 조회,추천 근거와 사고 과정 대시보드용 스냅샷을 조회한다.,,,springboot,frontend,Y,N,Y,RecommendationReasonSnapshot,recommendation id,"reason payload, reference links",Must,draft,UI 재현용 구조화 스냅샷
API-017,레퍼런스,#9-2 #16,레퍼런스 추천 요청,사용자 맥락 기반 레퍼런스 추천 생성을 요청한다.,,,springboot,frontend,N,N,Y,ReferenceRecommendation,context 또는 recommendation id,레퍼런스 추천 목록 및 validation report,Must,draft,URL 검증/최신성 검증 결과는 응답 payload에 포함하고 별도 조회 API는 두지 않음
API-018,퀴즈,#9-1 #17 #18,퀴즈 세트 생성 요청,복습 퀴즈 또는 사전 퀴즈 세트 생성을 요청한다.,,,springboot,frontend,N,N,Y,Quiz,"quiz type, context",quiz set metadata,Must,draft,생성은 FastAPI 위임 가능
API-019,퀴즈,#17 #18 #31,퀴즈 응시 제출,퀴즈 답안을 제출하고 채점 결과 및 learning state 반영 결과를 반환한다.,,,springboot,frontend,N,N,Y,QuizAttempt,quiz answers,"score, result summary, learning state delta",Must,draft,미응답 처리와 별도 구분
API-020,커리큘럼,#8 #19,커리큘럼 생성/확정,추천 수락 또는 신규 학습 시작 결과를 바탕으로 커리큘럼 초안을 생성하거나 확정한다.,,,springboot,frontend,N,N,Y,Curriculum,recommendation id 또는 사전 퀴즈 결과,curriculum id 및 요약,Must,draft,추천 기반 커리큘럼 생성/확정. 파일 업로드 기반 등록은 API-037로 분리
API-022,커리큘럼/캘린더,#13,일정 상태 수정,"일정 완료 여부, 완료율 등 상태성 필드만 수정한다.",,,springboot,frontend,Y,N,Y,CurriculumNode,"node id, status payload",수정된 일정 상태,Must,draft,노드 본문/연결/트랙 변경은 캘린더 그래프 CRUD(API-048~058)로 분리
API-023,캘린더 연동,#15,외부 캘린더 연동 시작,Google Calendar 연동을 시작한다.,,,springboot,frontend,N,N,Y,CalendarIntegration,"provider, redirect context",연동 시작 URL 또는 상태,Must,draft,MVP persistent integration: Google Calendar
API-024,캘린더 연동,#15,외부 캘린더 콜백 처리,Google Calendar 인증 결과를 받아 토큰과 연동 상태를 저장한다.,,,springboot,external_callback,N,Y,N,CalendarIntegration,"authorization code, state",연동 성공/실패 및 상태,Must,draft,Google -> Spring Boot 콜백
API-026,캘린더 연동,#12 #15 #30,캘린더 연동 상태 조회,Google Calendar 연동 여부와 마지막 동기화 시각을 조회한다.,,,springboot,frontend,Y,N,Y,CalendarIntegration,없음,"status, last_synced_at, 연결 계정 요약",Must,draft,Google Calendar only
API-027,히스토리,#20,히스토리 목록 조회,user_activity 기반 히스토리 목록과 필터 결과를 조회한다.,,,springboot,frontend,Y,N,Y,UserActivity,"기간, 소스, 카테고리 필터",history list,Must,draft,activity_date DESC 기본
API-028,히스토리,#21 NFR-045,히스토리 제외/복구 처리,user_activity.is_excluded 값을 토글하여 추천 맥락 제외/복구를 처리한다.,,,springboot,frontend,Y,N,Y,UserActivity,"activity id, toggle action",업데이트된 exclusion state,Must,draft,soft delete only
API-029,성장 일지,#22,성장 요약 조회,learning state와 활동 요약을 기반으로 성장 지표를 조회한다.,,,springboot,frontend,Y,N,Y,LearningState,"period, scope","growth summary, chart data",Must,draft,스파이더 차트/요약 카드 대응
API-035,온보딩/프로필,#4 #23,페르소나 템플릿 목록 조회,온보딩 드롭다운에 노출할 기본 페르소나 템플릿 목록과 기본 선택값을 조회한다.,,,springboot,frontend,Y,N,Y,UserPersona,없음,"template 목록, 기본값, 표시 순서",Must,draft,SetupPage 드롭다운 데이터 소스
API-036,활동/히스토리,#10 #11 #20,활동 완료 기록,"퀴즈 외 활동 완료, 레퍼런스 열람 완료, 커리큘럼 단계 완료를 user_activity에 기록한다.",,,springboot,frontend,N,N,Y,UserActivity,"activity type, source, summary, tech stack, 완료 시각",기록 결과 및 후속 추천/캘린더 반영 후보 상태,Must,draft,#10 활동 진행과 #11 완료 후 이력 반영을 담당
API-037,커리큘럼/캘린더,#11 #19,커리큘럼 파일 업로드 분석/등록 요청,업로드된 커리큘럼 파일을 분석해 일정 후보를 만들고 캘린더 등록까지 실행한다.,,,springboot,frontend,N,N,Y,Curriculum,"파일 본문 또는 multipart 파일, 등록 옵션",업로드 job 정보 또는 등록된 curriculum 요약,Must,draft,RecommendPage의 파일 업로드 기반 캘린더 등록 플로우 반영
API-038,분석,#5,분석 진행 스트림 구독,"분석 진행률, 단계, 완료 이벤트를 SSE 또는 유사 스트림으로 구독한다.",,,springboot,frontend,N,N,Y,AnalysisJob,analysis job id,"progress event stream, 단계 전환, 완료 이벤트",Must,draft,fun-spec #5의 SSE/Webhook 요구 반영. API-010은 폴링 보조로 유지
API-039,추천,#8,추천 생성 진행/완료 스트림 구독,추천 세션 생성 중간 상태와 완료 신호를 스트림으로 구독한다.,,,springboot,frontend,N,N,Y,Recommendation,recommendation session id,"generation progress event, 완료 이벤트, 실패 이벤트",Must,draft,#8의 백엔드 완료 신호 반영
API-040,프로필,#23,프로필 조회,마이페이지 진입 시 필요한 사용자 프로필과 설정값을 조회한다.,,,springboot,frontend,Y,N,Y,UserProfile,없음,"nickname, tech stacks, persona template, 정보 범위, 표시용 요약",Must,draft,MVP 프로필 조회 (custom persona 제외)
API-041,프로필,#23,프로필 수정,"닉네임, 기술 스택, 정보 범위, 기본 페르소나 템플릿 등 프로필 설정을 수정한다.",,,springboot,frontend,Y,N,Y,UserProfile,"profile patch payload (nickname, tech stacks, persona template, 정보 범위 등)",updated profile,Must,draft,MVP 프로필 수정 (custom persona 제외)
API-042,외부 계정 관리,#24 #30,외부 계정 목록 조회,마이페이지에서 표시할 외부 계정 상세 연결 상태 목록을 조회한다.,,,springboot,frontend,Y,N,Y,ExternalAccountConnection,없음,"provider별 username, 상태, 해제 가능 여부, 표시용 통계",Must,draft,"현재 UI는 GitHub 중심, 구조는 GitHub/Velog"
API-043,외부 계정 관리,#24,외부 계정 연결 해제,특정 외부 계정 연결을 해제하고 후속 기능 제한 상태를 갱신한다.,,,springboot,frontend,Y,N,Y,ExternalAccountConnection,provider,해제 결과 및 갱신된 연결 상태,Must,draft,현재 UI는 GitHub 연결 해제 버튼 대응
API-044,커리큘럼/캘린더,#12 #15,캘린더 범위 조회,월간/주간/프롬프트 캘린더 렌더링에 필요한 일정 노드와 메타데이터를 범위 기준으로 조회한다.,,,springboot,frontend,Y,N,Y,CurriculumNode,"date range, view type, hidden track filter","schedule node list, track 메타데이터, 캘린더 표시 정보",Must,draft,MainPage month/week/prompt view 공용 조회
API-045,커리큘럼/캘린더,#13 #14,일정 상세 조회,"특정 날짜 또는 일정 노드의 상세 정보, 연결 관계, 프롬프트 진입용 컨텍스트를 조회한다.",,,springboot,frontend,Y,N,Y,CurriculumNode,date 또는 node id,"day detail, node detail, reason snapshot 링크 정보, prompt thread summary",Must,draft,Day detail 및 prompt 진입 데이터 포함
API-046,캘린더 연동,#15,외부 일정 불러오기 실행,Google Calendar에서 학습 일정을 가져오는 import 작업을 실행한다.,,,springboot,frontend,N,N,Y,CalendarSyncJob,"provider, sync window, import options","sync job status, imported count, warning summary",Must,draft,MVP source는 Google Calendar only
API-047,캘린더 연동,#15,내부 일정 반영 실행,내부 학습 일정을 Google Calendar로 반영하는 동기화 작업을 실행한다.,,,springboot,frontend,N,N,Y,CalendarSyncJob,"provider, curriculum scope, export options","sync job status, exported count, mapping summary",Must,draft,Google Calendar push only
API-048,캘린더 편집,#12 #13,캘린더 노드 목록 조회,그래프 편집 화면에서 사용할 일정 노드 목록을 조회한다.,,,springboot,frontend,Y,N,Y,CurriculumNode,month 범위 또는 curriculum id,"node 목록, tooltip 메타데이터, track id",Must,draft,origin/develop vue-fe/src/api/calendarApi.js 의 nodeApi.getAll 반영
API-049,캘린더 편집,#12 #13,캘린더 노드 생성,일정 추가 모달 입력으로 새 일정 노드를 생성한다.,,,springboot,frontend,Y,N,Y,CurriculumNode,"day, track, title, label, tags, parent/child ids",created node payload,Must,draft,NodeFormModal 저장(create) 대응
API-050,캘린더 편집,#12 #13,캘린더 노드 수정,"일정 노드의 제목, 날짜, 트랙, 태그, 연결 메타데이터를 수정한다.",,,springboot,frontend,Y,N,Y,CurriculumNode,"node id, patch payload",updated node payload,Must,draft,NodeFormModal 저장(edit) 대응
API-051,캘린더 편집,#12 #13,캘린더 노드 삭제,일정 노드를 삭제하고 필요한 경우 연결선 재배치를 수행한다.,,,springboot,frontend,Y,N,Y,CurriculumNode,node id,삭제 결과 및 재배치된 연결 요약,Must,draft,DayDetailModal 삭제 및 store.deleteSchedule 흐름 반영
API-052,캘린더 편집,#12 #13,캘린더 연결선 목록 조회,일정 노드 간 연결선 목록을 조회한다.,,,springboot,frontend,Y,N,Y,CurriculumNodeRelation,month 범위 또는 curriculum id,edge 목록,Must,draft,origin/develop vue-fe/src/api/calendarApi.js 의 edgeApi.getAll 반영
API-053,캘린더 편집,#12 #13,캘린더 연결선 생성,두 일정 노드 사이의 선후행 연결을 생성한다.,,,springboot,frontend,Y,N,Y,CurriculumNodeRelation,"from node id, to node id",created edge payload,Must,draft,edgeApi.create 대응
API-054,캘린더 편집,#12 #13,캘린더 연결선 삭제,일정 노드 사이의 연결선을 제거한다.,,,springboot,frontend,Y,N,Y,CurriculumNodeRelation,edge id,삭제 결과,Must,draft,edgeApi.delete 대응
API-055,캘린더 편집,#12,학습 트랙 목록 조회,캘린더에서 사용할 사용자 트랙과 시스템 트랙 목록을 조회한다.,,,springboot,frontend,Y,N,Y,LearningTrack,없음,"track 목록, 순서, color, 시스템 여부",Must,draft,origin/develop vue-fe/src/api/calendarApi.js 의 branchApi.getAll 반영
API-056,캘린더 편집,#12,학습 트랙 생성,사용자 학습 트랙을 생성한다.,,,springboot,frontend,Y,N,Y,LearningTrack,"track name, color, display order",created track payload,Must,draft,BranchManageModal 새 트랙 추가 대응
API-057,캘린더 편집,#12,학습 트랙 수정,"학습 트랙 이름, 색상, 순서를 수정한다.",,,springboot,frontend,Y,N,Y,LearningTrack,"track id, name/color/order patch",updated track payload,Must,draft,BranchManageModal 색상/이름/순서 수정 대응
API-058,캘린더 편집,#12,학습 트랙 삭제,사용자 학습 트랙을 삭제하고 관련 일정 정리 정책을 적용한다.,,,springboot,frontend,Y,N,Y,LearningTrack,track id,삭제 결과 및 영향 일정 요약,Must,draft,BranchManageModal 삭제 경고/삭제 동작 대응
API-060,인증/사용자,#2 #29,회원가입 완료 처리,"Google 계정 기반 회원가입 완료, 약관 동의, 초기 account stage 전환을 처리한다.",,,springboot,frontend,N,N,Y,User,"agreement flags, optional linked provider snapshot","updated account stage, next route",Must,draft,SignUpPage 회원가입 완료 버튼 대응
API-061,프롬프트 어시스턴트,#12 #14,프롬프트 대화 조회,캘린더 프롬프트 뷰에서 선택한 일정 노드의 대화 이력을 조회한다.,,,springboot,frontend,Y,N,Y,PromptConversation,schedule node id,"thread metadata, ordered messages",Must,draft,MVP prompt view 초기 로딩
API-062,프롬프트 어시스턴트,#12 #14,프롬프트 메시지 전송,선택한 일정 노드의 프롬프트 스레드에 사용자 메시지를 추가하고 AI 응답을 반환한다.,,,springboot,frontend,N,N,Y,PromptMessage,"schedule node id, user message","assistant reply, updated message list",Must,draft,MainPage sendPrompt 대응
API-101,AI 분석,#5 #6,분석 파이프라인 실행,Spring Boot가 FastAPI에 분석 파이프라인 실행을 위임한다.,,,fastapi,internal_service,N,Y,Y,AnalysisJob,"activity snapshot, survey snapshot",analysis result payload,Must,draft,서비스 간 연동 API
API-102,AI 추천,#8 #19,추천 생성 파이프라인 실행,LearningState와 UserActivity를 기반으로 추천을 생성한다.,,,fastapi,internal_service,N,Y,Y,Recommendation,recommendation context,recommendation payload,Must,draft,서비스 간 연동 API
API-103,AI 레퍼런스,#9-2 #16,레퍼런스 검색/검증 파이프라인 실행,"RAG 검색, URL 검증, 최신성 판단, 요약 생성을 수행한다.",,,fastapi,internal_service,N,Y,Y,ReferenceRecommendation,query context,reference list 및 validation summary,Must,draft,서비스 간 연동 API
API-104,AI 퀴즈,#9-1 #17 #18,퀴즈 생성/채점 파이프라인 실행,퀴즈 생성과 채점을 FastAPI에서 수행한다.,,,fastapi,internal_service,N,Y,Y,Quiz,quiz context 또는 answer sheet,quiz set 또는 scoring result,Must,draft,서비스 간 연동 API
API-105,AI 캘린더,#15,외부 일정 분류/요약 파이프라인 실행,"캘린더 일정 텍스트에서 category, summary, tech_stacks를 추출한다.",,,fastapi,internal_service,N,Y,Y,UserActivity,calendar raw events,structured activity payload,Must,draft,서비스 간 연동 API
API-108,배치,#6 NFR-049 NFR-051,Learning State 재계산 실행,월 단위 스킬 점수 재계산과 정책 버전 기록을 수행한다.,,,springboot,batch,N,N,N,LearningStateRecomputeJob,"policy version, target scope",recompute result summary,Must,draft,스케줄러 또는 관리자 트리거. 정책 버전과 실행 결과를 기록
API-109,배치/추천,#31 NFR-017,미응답 상태 평가 배치,미응답 퀴즈와 미수행 추천 항목을 주기적으로 평가해 리마인드 또는 추천 강도 완화를 적용한다.,,,springboot,batch,N,N,N,RecommendationItem,"평가 기준 시각, 미응답 임계값, 대상 범위","평가 대상 수, 감산/리마인드 적용 결과",Must,draft,#31 미응답 처리의 스케줄러 실행 단위
API-110,배치/외부 계정,#24 #25,외부 계정 토큰 갱신 실행,만료 예정 외부 계정 연결의 refresh token을 사용해 access token을 갱신한다.,,,springboot,batch,N,Y,N,ExternalAccountConnection,"provider, 대상 계정 범위","갱신 성공/실패 수, 만료 상태 갱신 결과",Must,draft,OAuth refresh token 운영 로직 명시
API-111,AI 커리큘럼,#11 #19,커리큘럼 문서 분석 파이프라인 실행,"업로드된 커리큘럼 문서에서 일정 후보, 주제, 기간 정보를 추출한다.",,,fastapi,internal_service,N,Y,Y,Curriculum,"file bytes 또는 추출 텍스트, 사용자 컨텍스트",structured curriculum payload,Must,draft,RecommendPage 업로드 플로우를 위한 Spring Boot -> FastAPI 내부 연동
API-112,AI 프롬프트,#12 #14,프롬프트 어시스턴트 응답 생성,선택한 일정 컨텍스트와 기존 대화 이력을 바탕으로 프롬프트 어시스턴트 응답을 생성한다.,,,fastapi,internal_service,N,Y,Y,PromptConversation,"schedule context, prior messages, user message",assistant reply payload,Must,draft,서비스 간 연동 API
